epoch,loss,val_loss
0,0.00046116969315335155,0.00018065869517158717
1,0.0005518519319593906,0.00037822002195753157
2,0.000546725292224437,0.00018803129205480218
3,0.0004487530095502734,0.00015807017916813493
4,0.00044015736784785986,0.00015998473099898547
5,0.00040037513826973736,0.00018044424359686673
6,0.0005347559927031398,0.00029074036865495145
7,0.0004661413258872926,0.00018062420713249594
8,0.0004378745798021555,0.00018777220975607634
9,0.00047075090697035193,0.00021026724425610155
10,0.0004750229127239436,0.00016341544687747955
11,0.0005940007395111024,0.0001695877726888284
12,0.0004245605377946049,0.0003335396177135408
13,0.00048718415200710297,0.00019938565674237907
14,0.00043175421888008714,0.00017724094504956156
15,0.0006210658466443419,0.00021239455963950604
16,0.0005687824450433254,0.00020512568880803883
17,0.00041578715899959207,0.00030907613108865917
18,0.0004284127790015191,0.00021533218387048692
19,0.00043405796168372035,0.00022501731291413307
20,0.0005465467693284154,0.0002241842303192243
21,0.0004015255835838616,0.00039299341733567417
22,0.00045942977885715663,0.0001988805888686329
23,0.0004125720006413758,0.00019532936858013272
24,0.0005279756151139736,0.0001834866270655766
25,0.00044294801773503423,0.00028653707704506814
26,0.00043324322905391455,0.00020231738744769245
27,0.00043773773359134793,0.00017481730901636183
28,0.0004422648635227233,0.0002478477545082569
29,0.0003926713252440095,0.0001651810307521373
30,0.0004176076326984912,0.0001785282656783238
31,0.0003747820155695081,0.00016989497817121446
32,0.0005845274426974356,0.00019607189460657537
33,0.000477051071356982,0.00016189525194931775
34,0.00042564235627651215,0.00016692913777660578
35,0.00041273279930464923,0.00022357793932314962
36,0.0005881695542484522,0.00022156989143695682
37,0.00038449681596830487,0.0001812391128623858
38,0.0004136586794629693,0.00015917480050120503
39,0.00043127540266141295,0.00017134712834376842
40,0.0006585022201761603,0.00021039039711467922
41,0.0005184992332942784,0.00020160125859547406
42,0.0004283760499674827,0.00016416964353993535
43,0.0004069336282555014,0.000183658572495915
44,0.00047109840670600533,0.0002312197320861742
45,0.00045416736975312233,0.00018868273764383048
46,0.0005332754808478057,0.00016489275731146336
47,0.0004205096629448235,0.00017910120368469507
48,0.0004441494238562882,0.00022287035244517028
49,0.0003588341933209449,0.00017664392362348735
50,0.0003965918440371752,0.00019398656149860471
51,0.000561511842533946,0.00020457239588722587
52,0.0004483431694097817,0.00018125318456441164
53,0.0006187288672663271,0.0002884815039578825
54,0.0006646706024184823,0.00017010528245009482
55,0.00042050713091157377,0.0002832300087902695
56,0.0004117130010854453,0.00018604291835799813
57,0.00043150660349056125,0.00017128539911936969
58,0.0004181373806204647,0.00017970426415558904
59,0.0004593598423525691,0.00020854327885899693
60,0.0005177923594601452,0.00019591480668168515
61,0.00038041535299271345,0.00029108140734024346
62,0.0004354034026619047,0.00018126977374777198
63,0.0006214447203092277,0.0001621385308681056
64,0.00038767923251725733,0.00017796478641685098
65,0.00043911137618124485,0.00020024161494802684
66,0.0005090060294605792,0.00022961717331781983
67,0.0004061276849824935,0.00019206601427868009
68,0.0003956229193136096,0.00021862125140614808
69,0.00042700578342191875,0.0001726341142784804
70,0.0004467428079806268,0.00018167677626479417
71,0.00042432849295437336,0.00016806549683678895
72,0.0005350400460883975,0.00016732206859160215
73,0.000412803259678185,0.00017401609511580318
74,0.0004400953184813261,0.00017635452968534082
75,0.00040149077540263534,0.00017657314310781658
76,0.0005059578688815236,0.00016975472681224346
77,0.0004384007188491523,0.0001791625254554674
78,0.00044602734851650894,0.00018851326603908092
79,0.0004816788132302463,0.0003007073828484863
80,0.0004457444592844695,0.00025106026441790164
81,0.00045503670116886497,0.00019269119366072118
82,0.000428101047873497,0.0002238283195765689
83,0.0003851211513392627,0.00026794103905558586
84,0.0005283569335006177,0.00024424027651548386
85,0.00042574063991196454,0.0002595086698420346
86,0.0004489561542868614,0.00018643919611349702
87,0.0004023404617328197,0.00017959001706913114
0,0.0004941840306855738,0.0004433239810168743
1,0.0005702476482838392,0.0001924357347888872
2,0.0004752849054057151,0.00020255736308172345
3,0.0004309112555347383,0.00018920196453109384
4,0.00040909400559030473,0.0002360412763664499
5,0.0005076842498965561,0.00020805512031074613
6,0.000528589531313628,0.00018528779037296772
7,0.0006216666661202908,0.00021070009097456932
8,0.000472997227916494,0.00032549642492085695
9,0.0004615306097548455,0.00020877961651422083
10,0.000501685484778136,0.0002609207294881344
11,0.000490016071125865,0.00019677882664836943
12,0.0005063018761575222,0.000225065799895674
13,0.000493402942083776,0.0002434064372209832
14,0.00038500194204971194,0.0001808794477256015
15,0.0004435228474903852,0.0001922019582707435
16,0.0005090806516818702,0.0001823199272621423
17,0.0006185452803038061,0.0002114400122081861
18,0.000399289681809023,0.00018860232376027852
19,0.0004222816787660122,0.0002614098775666207
20,0.0004739295691251755,0.00016584679542575032
21,0.00042684635263867676,0.00016900677292142063
22,0.0005062249256297946,0.00018274570174980909
23,0.0004832942795474082,0.0004400083562359214
24,0.0004248938930686563,0.0002060764527413994
25,0.0005033347988501191,0.00017796167230699211
26,0.0006297135259956121,0.0001678678090684116
27,0.00044241122668609023,0.00016921227506827563
28,0.00041956044151447713,0.00016504491213709116
29,0.0004917646874673665,0.00031263355049304664
30,0.0004947222769260406,0.0002951672358904034
31,0.0004008364921901375,0.00016977384802885354
32,0.00044563572737388313,0.0001939553185366094
33,0.000493706320412457,0.0001801474718376994
34,0.00043672657920978963,0.00023177237017080188
35,0.0006226900150068104,0.0002213793050032109
36,0.0005680908798240125,0.00029095693025738
37,0.0004273672529961914,0.00017455632041674107
38,0.00038153125206008554,0.00017354360898025334
39,0.00038146431325003505,0.00016364894690923393
40,0.00042822855175472796,0.0001698326668702066
41,0.0004168122250121087,0.00015909815556369722
42,0.00044643532601185143,0.0001622899726498872
43,0.00041141817928291857,0.00025685891159810126
44,0.0004157325020059943,0.00020496000070124865
45,0.00040614360477775335,0.00015880896535236388
46,0.00046013094834052026,0.0001562992692925036
47,0.0004720785655081272,0.00018263350648339838
48,0.0004136500065214932,0.00015971415268722922
49,0.0003908267244696617,0.0001618835231056437
50,0.0004144590930081904,0.0001848610700108111
51,0.00042879499960690737,0.00016711102216504514
52,0.0004111828457098454,0.00017766407108865678
53,0.000412461522500962,0.00015713552420493215
54,0.0004377189907245338,0.00017165897588711232
55,0.00042701512575149536,0.00023580963897984475
56,0.00042601386667229235,0.00018157681915909052
57,0.0003965805226471275,0.00019076514581684023
58,0.0006189642590470612,0.00015809852629899979
59,0.0005368770798668265,0.0001944622490555048
60,0.0005662336479872465,0.00018690468277782202
61,0.000480492424685508,0.00018691984587348998
62,0.00041337512084282935,0.00017301352636422962
63,0.00039041179115884006,0.0002322487998753786
64,0.0004084401880390942,0.00016259122639894485
65,0.00040658743819221854,0.0002702575293369591
66,0.000930996029637754,0.00027016561944037676
67,0.0007491611177101731,0.000337320554535836
68,0.00044716495904140174,0.000178782909642905
69,0.0004257575492374599,0.0001857220777310431
70,0.0004899585619568825,0.00015958937001414597
71,0.00044678448466584086,0.00018683071539271623
72,0.00039273101720027626,0.00017802853835746646
73,0.0004913244629278779,0.00017226386989932507
74,0.00044815754517912865,0.0002358072524657473
75,0.0005318752955645323,0.00015650126442778856
76,0.00045507587492465973,0.00016791590314824134
77,0.0003912266402039677,0.00016961792425718158
78,0.000420423224568367,0.00016825945931486785
79,0.00039815250784158707,0.00018347275909036398
80,0.00045753634185530245,0.00018276383343618363
81,0.0003807811008300632,0.0002276050072396174
82,0.0003865687467623502,0.0001575310598127544
83,0.00047616023221053183,0.00017860447405837476
84,0.0005150474607944489,0.00027267125551588833
85,0.0004400899342726916,0.00018002864089794457
86,0.00040574802551418543,0.00016992283053696156
87,0.0003867229097522795,0.0002177088026655838
88,0.0003764366265386343,0.00017555270460434258
89,0.0004950003349222243,0.00019340170547366142
0,0.002339555649086833,0.0016541408840566874
1,0.002142604673281312,0.0013953140005469322
2,0.0021291363518685102,0.0012635126477107406
3,0.0019244351424276829,0.0011050603352487087
4,0.0019726622849702835,0.00103474548086524
5,0.0017592087388038635,0.0009756936342455447
6,0.0017444774275645614,0.0008912749472074211
7,0.0018072917591780424,0.0009217968326993287
8,0.001606317819096148,0.0008652872638776898
9,0.0016358401626348495,0.0008656216086819768
10,0.0015689459396526217,0.0007415211293846369
11,0.0015703595709055662,0.0007331583765335381
12,0.001567038823850453,0.0008062722627073526
13,0.0014431698946282268,0.0006946070934645832
14,0.0014217050047591329,0.0006970203830860555
15,0.00145047961268574,0.0007133319741114974
16,0.001511076814495027,0.0006459778524003923
17,0.0013307107146829367,0.0005973637453280389
18,0.0013416081201285124,0.0005978737608529627
19,0.00118182972073555,0.0005894036148674786
20,0.0012383520370349288,0.000526482006534934
21,0.001133474987000227,0.0005304520018398762
22,0.0011103581637144089,0.0006202327786013484
23,0.0011554715456441045,0.0004879973130300641
24,0.0011035597417503595,0.00046936169383116066
25,0.0010456248419359326,0.0004522199451457709
26,0.0010761271696537733,0.0005329450941644609
27,0.001079706591553986,0.0004331149102654308
28,0.001139101106673479,0.00044459011405706406
29,0.00100974109955132,0.00043477368308231235
30,0.0010079217609018087,0.0004273290396668017
31,0.0009578082826919854,0.0004300402069929987
32,0.0008934435318224132,0.0005132434307597578
33,0.0009167414391413331,0.0005140587454661727
34,0.0009825892047956586,0.00043877269490621984
35,0.0009328997693955898,0.0003983248316217214
36,0.0008828375139273703,0.0003781589330174029
37,0.0008942928980104625,0.00041336953290738165
38,0.000881625572219491,0.00038633335498161614
39,0.0007802580948919058,0.0003903486649505794
40,0.0008321489440277219,0.0003538789169397205
41,0.0007905150414444506,0.0003880560980178416
42,0.0007767173228785396,0.00038930567097850144
43,0.000814046070445329,0.0004121810488868505
44,0.000781891169026494,0.00032979005482047796
45,0.0007456053863279521,0.0003145999216940254
46,0.0007658888353034854,0.00032789557008072734
47,0.0007383635966107249,0.00034213653998449445
48,0.0006907747592777014,0.00034729629987850785
49,0.0007146696443669498,0.0003684991679619998
50,0.0007124170078895986,0.00038884300738573074
51,0.0007372371619567275,0.00030520817381329834
52,0.0006924490444362164,0.00034667091676965356
53,0.0006290893070399761,0.0003471654199529439
54,0.0007230246555991471,0.00029532855842262506
55,0.000671195681206882,0.0003056165878660977
56,0.0006367193418554962,0.0002953365328721702
57,0.0006813638610765338,0.0002695584262255579
58,0.0006773549248464406,0.0002745823294389993
59,0.0007122417446225882,0.00030287448316812515
60,0.0006161979981698096,0.0002621136954985559
61,0.0006624183151870966,0.00025880816974677145
62,0.0006399456178769469,0.00024676541215740144
63,0.0006252921302802861,0.00025228061713278294
64,0.0006277854554355145,0.0002537703840062022
65,0.0006348834140226245,0.00024418183602392673
66,0.0006208622362464666,0.0002504733856767416
67,0.0006409250199794769,0.00024862991995178163
68,0.0005996702238917351,0.000244940776610747
69,0.0006210019928403199,0.0002417920477455482
70,0.0006158891483210027,0.00025259729591198266
71,0.000591764401178807,0.00022346270270645618
72,0.000577542872633785,0.0002244088682346046
73,0.0006478338618762791,0.00021207470854278654
74,0.0005778130143880844,0.0002068184403469786
75,0.0005862645339220762,0.00021004800510127097
76,0.0006076887948438525,0.00021534552797675133
77,0.0006268105353228748,0.00021141247998457402
78,0.0006496226997114718,0.00020229794608894736
79,0.0006047762581147254,0.00019893102580681443
80,0.0005549065535888076,0.00019561604131013155
81,0.0006364552536979318,0.00021995756833348423
82,0.0005895194481126964,0.00019832758698612452
83,0.0005656458088196814,0.00019187420548405498
0,0.000595117686316371,0.00017205435142386705
1,0.0005549619672819972,0.00021469767671078444
2,0.0005839979276061058,0.00020261651661712676
3,0.0005452188197523355,0.0001750579831423238
4,0.000546555093023926,0.00017120264237746596
5,0.0005565644823946059,0.00020000421500299126
6,0.0005504197324626148,0.0001765120541676879
7,0.0006410476053133607,0.00017898474470712245
8,0.000535744009539485,0.00023557583335787058
9,0.0005547662149183452,0.00018346217984799296
10,0.000555075821466744,0.00017759336333256215
11,0.0005578961572609842,0.00019599187362473458
12,0.0005484756547957659,0.0001750865048961714
13,0.0005796870682388544,0.0001890514395199716
14,0.0005361615330912173,0.00018305456615053117
15,0.0005856611533090472,0.0002231329563073814
16,0.0005712848505936563,0.0001814673305489123
17,0.0005642075557261705,0.00020153996592853218
18,0.0005562484147958457,0.00019132292072754353
19,0.0005486682639457285,0.00020856833725702018
20,0.0005185225745663047,0.00017462078540120274
21,0.000555060978513211,0.00017256982391700149
22,0.0005658184527419508,0.00021374269272200763
23,0.0005440618260763586,0.00017134698282461613
24,0.000520977599080652,0.00016362524183932692
25,0.0005790434661321342,0.0001647641183808446
26,0.0005537414108403027,0.00017033264157362282
27,0.0005280474433675408,0.00017057739023584872
28,0.0005313516012392938,0.00016947351105045527
29,0.0005955256638117135,0.00018961129535455257
30,0.0004978778888471425,0.0001731720840325579
31,0.0005269675166346133,0.00016714032972231507
32,0.0005567353800870478,0.0001785849017323926
33,0.0006001917645335197,0.00017767098324839026
34,0.0005872322362847626,0.0001700403227005154
35,0.0005342193762771785,0.0001770196104189381
36,0.0006016567931510508,0.0001676591346040368
37,0.0005589202628470957,0.00020136772945988923
38,0.0005263778730295599,0.00016179810336325318
39,0.0004980040248483419,0.00017336315067950636
40,0.000555607897695154,0.00018975189595948905
41,0.0005423136171884835,0.00016661331756040454
42,0.0005309600383043289,0.0001720888976706192
43,0.0005697385058738291,0.00018821733829099685
44,0.0005305260419845581,0.0001815778377931565
45,0.0005283767241053283,0.00016118753410410136
46,0.0005623363540507853,0.00016763326129876077
47,0.0005606722552329302,0.00017306813970208168
48,0.0005771593423560262,0.0001744931360008195
49,0.0005550620844587684,0.00017834515892900527
50,0.0005305550876073539,0.00017146703612525016
51,0.0005410417215898633,0.00018426423775963485
52,0.0005107417819090188,0.0001664092851569876
53,0.0005933513166382909,0.00019528425764292479
54,0.000558235333301127,0.0001739862491376698
55,0.0005549870547838509,0.00019475608132779598
56,0.0005407668650150299,0.00015926477499306202
57,0.0005050848703831434,0.0001660130947129801
58,0.0005635195411741734,0.00018638494657352567
59,0.0005396976484917104,0.00016621231043245643
60,0.0005773082375526428,0.00018111037206836045
61,0.0006339148967526853,0.00017252004181500524
62,0.0004980079247616231,0.0001611997577128932
63,0.000510847254190594,0.0001673110673436895
64,0.0005162006127648056,0.00016880893963389099
65,0.0005186701309867203,0.0001656874519539997
66,0.0005263429484330118,0.00016424100613221526
67,0.0005052853957749903,0.00017465247947257012
68,0.0005985306343063712,0.00016375513223465532
69,0.0004950857255607843,0.00019209779566153884
70,0.0005078667891211808,0.00019457170856185257
71,0.0005016056820750237,0.0001897672627819702
72,0.000563010573387146,0.0002795848122332245
73,0.0005384737742133439,0.00018534963601268828
74,0.0005853581824339926,0.0001643706636969
75,0.000538444786798209,0.00016745438915677369
76,0.0005169350770302117,0.00016798073193058372
77,0.0005203137407079339,0.00018237080075778067
78,0.0005258810124360025,0.000167923528351821
79,0.0005098888650536537,0.00018510359223000705
80,0.0005231701652519405,0.0001687040348770097
81,0.0005544424057006836,0.00017202863818965852
82,0.0005356564070098102,0.00016650877660140395
83,0.0005325011443346739,0.0001802535989554599
0,0.030759297311306,0.0038524868432432413
1,0.002292447257786989,0.0018508086213842034
2,0.001495391596108675,0.0010622418485581875
3,0.0011936424998566508,0.0007185374270193279
4,0.0011106982128694654,0.0005183335742913187
5,0.0009954675333574414,0.0005712893325835466
6,0.0009794329525902867,0.00048818494542501867
7,0.001014426234178245,0.0003767794696614146
8,0.0009191703284159303,0.00034618418430909514
9,0.0008781480137258768,0.00037745299050584435
10,0.0009126278455369174,0.00033140016603283584
11,0.0008985610329546034,0.00032586840097792447
12,0.0009525795467197895,0.0003052910906262696
13,0.000775290303863585,0.00041551029426045716
14,0.000758343783672899,0.0002814855834003538
15,0.0008387442212551832,0.00028492085402831435
16,0.0010011064587160945,0.0002639811718836427
17,0.000576502236071974,0.00025462493067607284
18,0.0007291043293662369,0.0002385251718806103
19,0.0005830432055518031,0.0002700430923141539
20,0.0006407602340914309,0.0002790449361782521
21,0.0007074454915709794,0.0002846899733413011
22,0.0006035575643181801,0.0002412566973362118
23,0.0005600803415291011,0.0002382038364885375
24,0.0007630978943780065,0.00038867167313583195
25,0.000625383690930903,0.0002564683381933719
26,0.000643191218841821,0.00030498544219881296
27,0.0005364932003431022,0.0004432332643773407
28,0.000651587441097945,0.0002425248530926183
29,0.0005422151880338788,0.0002889514435082674
30,0.0005464667920023203,0.00024530605878680944
31,0.0006265699630603194,0.0002771878498606384
32,0.0006482710014097393,0.00023442231758963317
33,0.0006147925741970539,0.00021779033704660833
34,0.0005036928341723979,0.000208044788450934
35,0.0005358267808333039,0.00022902755881659687
36,0.0005244861240498722,0.0002531592617742717
37,0.0004757036513183266,0.0002537823747843504
38,0.0004903458757326007,0.00021118135191500187
39,0.0005984264425933361,0.00024246836255770177
40,0.0004619262181222439,0.00024547797511331737
41,0.0006379107944667339,0.00023359738406725228
42,0.000532894569914788,0.00034691859036684036
43,0.00045508661423809826,0.00024573307018727064
44,0.00047442951472476125,0.00024965679040178657
45,0.000555553357116878,0.00026209064526483417
46,0.0005481462576426566,0.0002266653027618304
47,0.00047114232438616455,0.00022320137941278517
48,0.0004499707429204136,0.000246928830165416
49,0.0004934077151119709,0.00020591948123183101
50,0.0004339454753790051,0.0001906740217236802
51,0.0005560468416661024,0.0003301758843008429
52,0.0004943118547089398,0.0002665056090336293
53,0.0005013647023588419,0.00018726549751590937
54,0.0005215488490648568,0.0002036907826550305
55,0.0005703337374143302,0.00028810385265387595
56,0.0004557284410111606,0.0002191005041822791
57,0.00043796212412416935,0.00020901083189528435
58,0.0004570818564388901,0.00021731870947405696
59,0.0005299964686855674,0.00022801391605753452
60,0.00044871470890939236,0.00024842910352163017
61,0.000437024311395362,0.00040513830026611686
62,0.00046688542352057993,0.00020065020362380892
63,0.000557535735424608,0.0001775205455487594
64,0.0005075812223367393,0.00019234931096434593
65,0.00042432002373971045,0.00017387964180670679
66,0.0005932398489676416,0.00020869450236205012
67,0.00054365728283301,0.0002916356024798006
68,0.0005235709249973297,0.00036057201214134693
69,0.0005303086363710463,0.00019158117356710136
70,0.0004566878196783364,0.0004421173071023077
71,0.000464757380541414,0.00019396503921598196
72,0.000524100789334625,0.0003425055183470249
73,0.0004024354857392609,0.00031636530184186995
74,0.00045305260573513806,0.0002593554381746799
75,0.0005156210390850902,0.00019574530597310513
76,0.0004181074327789247,0.00021694369206670672
77,0.0004836537700612098,0.00021535073756240308
78,0.000415363087086007,0.00024007474712561816
79,0.0004763325268868357,0.00025356249534524977
80,0.0004893360892310739,0.00030618507298640907
81,0.0007585613057017326,0.0002554031671024859
82,0.0004811891703866422,0.0002229040110250935
83,0.0004832097911275923,0.00023512777988798916
84,0.0005158720887266099,0.00019531241559889168
85,0.0006317561492323875,0.00029541627736762166
86,0.0004526508564595133,0.00023199780844151974
87,0.0004545861156657338,0.0004497957415878773
88,0.00048086754395626485,0.00020281078468542546
89,0.00044054011232219636,0.0002043652639258653
90,0.0004431344277691096,0.0001916020264616236
91,0.00047107512364163995,0.00019537622574716806
92,0.0005621790187433362,0.00023286661598831415
93,0.0004217152309138328,0.0001956333580892533
94,0.0004428140528034419,0.00024529718211852014
95,0.00040261130197905004,0.00019630645692814142
96,0.0005140145658515394,0.00019167193386238068
97,0.00045295897871255875,0.00019581714877858758
98,0.0005688024684786797,0.00019305956084281206
99,0.00047815649304538965,0.00032738345908001065
0,0.02701951377093792,0.0047173164784908295
1,0.0019108596025034785,0.0016683421563357115
2,0.0012706962879747152,0.000857617415022105
3,0.0008051571785472333,0.0005875774077139795
4,0.0007099209469743073,0.0004825130745302886
5,0.0006864175666123629,0.0003771738556679338
6,0.0008189550717361271,0.0003398408298380673
7,0.0006181467906571925,0.00029556272784247994
8,0.0006054281839169562,0.0002240293106297031
9,0.0006004972965456545,0.0002389524015597999
10,0.0006878664717078209,0.00020379334455356002
11,0.0005864255363121629,0.0003724092384800315
12,0.0006150495610199869,0.00018613094289321452
13,0.0005984575836919248,0.0001873649744084105
14,0.0006981182959862053,0.00020041778043378145
15,0.0007196075166575611,0.00024885774473659694
16,0.0005676546134054661,0.00017287868831772357
17,0.0005620978772640228,0.00017220877634827048
18,0.0007021520286798477,0.00019815473933704197
19,0.0005809965077787638,0.00018568123050499707
20,0.0005016704672016203,0.00018008924962487072
21,0.0005220422754064202,0.00019479526963550597
22,0.0005198399303480983,0.00042885771836154163
23,0.0004820256435777992,0.00018255121540278196
24,0.0005185502814128995,0.0001916733308462426
25,0.0004884383524768054,0.00020988851611036807
26,0.0005398764042183757,0.00017150776693597436
27,0.00046503753401339054,0.00017496614600531757
28,0.0004590035241562873,0.00017804413801059127
29,0.0004931451985612512,0.00019197519577573985
30,0.0005271210102364421,0.00023974254145286977
31,0.0004827408993151039,0.00031195420888252556
32,0.0007756109698675573,0.0002660367463249713
33,0.0005350608844310045,0.000230903533520177
34,0.000474901229608804,0.00022848248772788793
35,0.0004948353162035346,0.00024398074310738593
36,0.00039649903192184865,0.00018896066467277706
37,0.0003849512431770563,0.00017529356409795582
38,0.0005931510822847486,0.0002832881291396916
39,0.00047612300841137767,0.00029796146554872394
40,0.0005045592552050948,0.00020366844546515495
41,0.00042063900036737323,0.00018140979227609932
42,0.00045550824142992496,0.00019676661759149283
43,0.0004642251878976822,0.0003097776498179883
44,0.0005504350992850959,0.0002293798461323604
45,0.0004378003941383213,0.0002645378699526191
46,0.0005146549665369093,0.00019151304150000215
47,0.0004372502153273672,0.00019543824600987136
48,0.0004193046479485929,0.00019328520284034312
49,0.00041919955401681364,0.0001774289703462273
50,0.0004197671660222113,0.00018629572878126055
51,0.0005247388617135584,0.0005287081003189087
52,0.0004323298344388604,0.00017952559574041516
53,0.0004296923289075494,0.00019850162789225578
54,0.0004329808580223471,0.00021001820277888328
55,0.00044948499999009073,0.00021494935208465904
56,0.0004023303044959903,0.00019287006580270827
57,0.0004582954861689359,0.0002629719383548945
58,0.00046115563600324094,0.0002038701786659658
59,0.00034951543784700334,0.0002076467062579468
60,0.0003510917304083705,0.0002826255513355136
61,0.0003973945276811719,0.00021032571385148913
62,0.0004590064927469939,0.00020483354455791414
63,0.00035903140087611973,0.00017669959925115108
64,0.00035214758827351034,0.0002927089808508754
65,0.0004040201019961387,0.0002081464190268889
66,0.0005077215027995408,0.000200125141418539
67,0.00039617507718503475,0.0003819212142843753
68,0.00047817753511480987,0.00018412405916024
69,0.0003960088943131268,0.0002822004025802016
70,0.0004807064833585173,0.00023828906705603004
71,0.00037965632509440184,0.00019047838577535003
72,0.0003532657865434885,0.0001993689947994426
73,0.00045613880502060056,0.00021534635743591934
74,0.0004022735229227692,0.00019178041839040816
75,0.0004491150612011552,0.00020744196081068367
76,0.00043607063707895577,0.00020887533901259303
77,0.000429232488386333,0.00021428565378300846
78,0.0004583194386214018,0.000404014514060691
79,0.00038557761581614614,0.00019504214287735522
80,0.0003438541607465595,0.00019962673832196742
81,0.00033247447572648525,0.00018220418132841587
82,0.0004389702808111906,0.00020221192971803248
83,0.0004073675081599504,0.00018389704928267747
84,0.0004416712326928973,0.00022523681400343776
85,0.00038825758383609354,0.00017090464825741947
86,0.000418559939134866,0.0002590073272585869
87,0.00039288244443014264,0.0001911267900140956
88,0.0003581455093808472,0.00018340308452025056
89,0.0003395437670405954,0.00019030705152545124
90,0.00039296128670684993,0.00039564206963405013
91,0.0003681805683299899,0.00019289992633275688
92,0.00043880121666006744,0.0001766873465385288
93,0.0004367168585304171,0.0002315699530299753
94,0.0003587573010008782,0.0002461947442498058
95,0.00038875560858286917,0.00020265868806745857
96,0.00037113309372216463,0.00017384607053827494
97,0.00045338497147895396,0.0002048241876764223
98,0.00041964693809859455,0.00036665788502432406
99,0.00046382026630453765,0.00021217444736976177
0,0.032831765711307526,0.008949696086347103
1,0.0025344789028167725,0.0017454983899369836
2,0.0017270436510443687,0.0011524050496518612
3,0.0016340210568159819,0.0008784630917944014
4,0.0014809875283390284,0.0008859639056026936
5,0.0012434596428647637,0.0005828113062307239
6,0.0012482876190915704,0.0005243849591352046
7,0.0012295327614992857,0.00048451803741045296
8,0.0010871496051549911,0.00040657399222254753
9,0.001058240537531674,0.0004028855182696134
10,0.0008669032249599695,0.0003155937301926315
11,0.0009537262376397848,0.0002972279617097229
12,0.000975953764282167,0.0005540581769309938
13,0.0009048635838553309,0.0002730201813392341
14,0.0010512578301131725,0.00029374167206697166
15,0.0009285785490646958,0.0002731366839725524
16,0.0008187043713405728,0.0003039983566850424
17,0.0008211428066715598,0.00023441396479029208
18,0.0008488337625749409,0.00025277785607613623
19,0.00073622987838462,0.00024714533356018364
20,0.000876370002515614,0.00025720492703840137
21,0.0007341630989685655,0.0002561478759162128
22,0.0007152009638957679,0.00022981577785685658
23,0.0006996800075285137,0.00026541706756688654
24,0.000643356004729867,0.00024532724637538195
25,0.0007828222005628049,0.00022308230109047145
26,0.0006379500264301896,0.0002323431835975498
27,0.0006273803883232176,0.0002230324171250686
28,0.0005760012427344918,0.00023296028666663915
29,0.000610962335485965,0.0002414332120679319
30,0.0005443784757517278,0.00022976790205575526
31,0.0006199482595548034,0.00025676770019344985
32,0.0006082095205783844,0.00021926974295638502
33,0.0005304935039021075,0.00021799170644953847
34,0.0005983342416584492,0.00022471559350378811
35,0.0005465830327011645,0.00020971386402379721
36,0.0005662359180860221,0.0002186182391596958
37,0.0005158641724847257,0.00020149788178969175
38,0.0005535354139283299,0.00021778584050480276
39,0.0004937340854667127,0.00020533622591756284
40,0.0005045495345257223,0.00021078878489788622
41,0.00048421756946481764,0.0002004175476031378
42,0.0005918138194829226,0.00025631242897361517
43,0.0005644044722430408,0.00022219624952413142
44,0.0004647776368074119,0.00022917315072845668
45,0.00047812843695282936,0.00026144154253415763
46,0.0005273093120194972,0.00019922306819353253
47,0.00047529488801956177,0.0003406669420655817
48,0.0005612538661807775,0.00021690754510927945
49,0.00044543130206875503,0.0001921144430525601
50,0.0005633921828120947,0.00019304288434796035
51,0.0005216757417656481,0.0001840984623413533
52,0.0006669166032224894,0.00020003694226033986
53,0.0004575956263579428,0.00019494042498990893
54,0.00046958663733676076,0.000236254432820715
55,0.0004964424297213554,0.0002199469308834523
56,0.0004859273030888289,0.0002536802785471082
57,0.0004929492133669555,0.00020024506375193596
58,0.0005627679056487978,0.00022012843692209572
59,0.00045604794286191463,0.0001969253207789734
60,0.00046289400779642165,0.00026696015265770257
61,0.0004908503615297377,0.00026880737277679145
62,0.0005199185106903315,0.00020877193310298026
63,0.00047131231985986233,0.00019859711755998433
64,0.0004825439245905727,0.00018552382243797183
65,0.00045150105142965913,0.00019621486717369407
66,0.00046554606524296105,0.00021569589443970472
67,0.00041671033250167966,0.00018400981207378209
68,0.0005591053050011396,0.0002420399250695482
69,0.00046984024811536074,0.00021689034474547952
70,0.0005459870444610715,0.00023004764807410538
71,0.0004568076692521572,0.00019526018877513707
72,0.00045688022510148585,0.00018683065718505532
73,0.0004345740599092096,0.00019557916675694287
74,0.0005418043001554906,0.0001980118395294994
75,0.00048497013631276786,0.00020770178525708616
76,0.0005219249287620187,0.00019041278574150056
77,0.0004553802136797458,0.00019808017532341182
78,0.0004965651896782219,0.00024072789528872818
79,0.0005403156974352896,0.00022958984482102096
80,0.0005391949671320617,0.00020138765103183687
81,0.00045587585191242397,0.0001925247343024239
82,0.0005357837653718889,0.00022106528922449797
83,0.0005046044243499637,0.00019600268569774926
84,0.00046984353684820235,0.00021111179376021028
85,0.0005109587218612432,0.0002027882874244824
86,0.0004471193242352456,0.00018829917826224118
87,0.000450753461336717,0.0002053574426099658
88,0.00046465019113384187,0.00018834223737940192
89,0.0004524681135080755,0.00017645662592258304
90,0.0005031711771152914,0.00019925276865251362
91,0.0005406335112638772,0.00020376841712277383
92,0.0004724631435237825,0.00024297201889567077
93,0.00050827965606004,0.00017794495215639472
94,0.0004499061906244606,0.00018855399684980512
95,0.00045272664283402264,0.00018721217929851264
96,0.00044927498674951494,0.00020631702500395477
97,0.00047009740956127644,0.0002527651668060571
98,0.0004948160494677722,0.0002324552770005539
99,0.00048165462794713676,0.00018981251923833042
0,0.0007112020975910127,0.000244256661972031
1,0.0005248101660981774,0.00015149882528930902
2,0.0005093518411740661,0.0003133965074084699
3,0.0006243863608688116,0.0002240396133856848
4,0.000464596290839836,0.00015091731620486826
5,0.0006207628175616264,0.00015338353114202619
6,0.0005264251958578825,0.00020782584033440799
7,0.00053572584874928,0.0001512385788373649
8,0.0006051328964531422,0.00016438831517007202
9,0.0005436413921415806,0.0001533222384750843
10,0.0004218308022245765,0.00015542810433544219
11,0.0005034865462221205,0.0001680803397903219
12,0.00047158426605165005,0.00015883453306742013
13,0.00044958965736441314,0.0002176433481508866
14,0.000615038676187396,0.00017230762750841677
15,0.0005204342305660248,0.00019757843983825296
16,0.0007014118600636721,0.00022832733520772308
17,0.0008788146078586578,0.0002155443507945165
18,0.0006033478421159089,0.0001636046072235331
19,0.0005668415105901659,0.00021021779684815556
20,0.00048014798085205257,0.00015669541608076543
21,0.0005605097976513207,0.00018180460028816015
22,0.0004568889853544533,0.0002595421683508903
23,0.00048186571802943945,0.00016685508308000863
24,0.0004286491312086582,0.00016538753698114306
25,0.000538162246812135,0.0001840880431700498
26,0.00046988329268060625,0.00021068708156235516
27,0.0004867390380240977,0.000265761511400342
28,0.000716939102858305,0.0001805263018468395
29,0.0006216314504854381,0.00017132455832324922
30,0.0004018001491203904,0.00021636330347973853
31,0.0005723194917663932,0.0001704255264485255
32,0.00043785059824585915,0.0001632431522011757
33,0.000515250489115715,0.0002698353200685233
34,0.0004525039403233677,0.0001589929888723418
35,0.00044907012488693,0.00016624396084807813
36,0.00045284483348950744,0.00019925975357182324
37,0.0004464377707336098,0.00017326099623460323
38,0.00046745239524170756,0.0007190947071649134
39,0.0006619212799705565,0.00016465502267237753
40,0.0005471843178384006,0.0003978896129410714
41,0.0005887617589905858,0.0001666228927206248
42,0.0004848151293117553,0.0002030807372648269
43,0.0004322445020079613,0.00017962379206437618
44,0.0004314680409152061,0.0001885113015305251
45,0.0004598296363838017,0.0001843036152422428
46,0.0004207516321912408,0.00018035853281617165
47,0.000658137840218842,0.00018240587087348104
48,0.00042995833791792393,0.00019525641982909292
49,0.00045436021173372865,0.00019370175141375512
50,0.000495993357617408,0.000252408062806353
51,0.0004342395986896008,0.0002087387692881748
52,0.0004805837234016508,0.00022427247313316911
53,0.0004716469265986234,0.0001825478975661099
54,0.0004950460279360414,0.00020882411627098918
55,0.00043657704372890294,0.00015848191105760634
56,0.0004324958717916161,0.0001773790136212483
57,0.000573490047827363,0.0001714433601591736
58,0.0005080246482975781,0.00016615788626950234
59,0.0006167282117530704,0.000250178505666554
60,0.0005824262043461204,0.00020363590738270432
61,0.000436158588854596,0.00017302088963333517
62,0.0004347390786278993,0.00019773845269810408
63,0.0004053596348967403,0.000343564577633515
64,0.0005724899237975478,0.000193142841453664
65,0.0005863898550160229,0.0003368810866959393
66,0.0005239169113337994,0.00017644396575633436
67,0.0004924784880131483,0.00021538457076530904
68,0.0005180637235753238,0.00017632711387705058
69,0.0005498463287949562,0.0002211190585512668
70,0.0003926267381757498,0.00017712170665618032
71,0.00041481072548776865,0.000229398108785972
72,0.000410825596190989,0.00019233704369980842
73,0.0004796017601620406,0.00017826711700763553
74,0.00047858653124421835,0.00017804642266128212
75,0.0006510952953249216,0.00016724049055483192
76,0.0005052366759628057,0.00027800005045719445
0,0.002094721421599388,0.0011556858662515879
1,0.0019441077020019293,0.0011333534494042397
2,0.0018865425372496247,0.0010598789667710662
3,0.0017472731415182352,0.0010966529371216893
4,0.0018915507243946195,0.000940000347327441
5,0.0017415464390069246,0.0008965283632278442
6,0.0016793741378933191,0.000847417104523629
7,0.001579094328917563,0.0008000452653504908
8,0.0016133178723976016,0.000788298377301544
9,0.0016142845852300525,0.000748413905967027
10,0.0014723609201610088,0.0007108820136636496
11,0.001410184195265174,0.0006675562472082675
12,0.001391561352647841,0.0006322862464003265
13,0.0013814880512654781,0.0006254956824705005
14,0.001280029071494937,0.000603042368311435
15,0.0014001104282215238,0.0005930560291744769
16,0.0013301180442795157,0.000612046686001122
17,0.0012429342605173588,0.0005826169508509338
18,0.0012421804713085294,0.0006123445346020162
19,0.001158200204372406,0.0005172878154553473
20,0.0012723184190690517,0.0005402445676736534
21,0.0011991384672001004,0.000545875052921474
22,0.0011300910264253616,0.0004935511969961226
23,0.0011468221200630069,0.0004888228722847998
24,0.0010512489825487137,0.0005003581172786653
25,0.001064023468643427,0.00045644285273738205
26,0.0010763517348095775,0.0004352169344201684
27,0.0010268829064443707,0.0004349998489487916
28,0.0010399591410532594,0.000410877080867067
29,0.0009599942713975906,0.00042571016820147634
30,0.0010129427537322044,0.0004175904905423522
31,0.0009598303586244583,0.00043730976176448166
32,0.0009057047427631915,0.00041031817090697587
33,0.000976717914454639,0.00038668065099045634
34,0.0010548571590334177,0.0004137487558182329
35,0.0009145436924882233,0.0004357357101980597
36,0.000878022750839591,0.0003778899845201522
37,0.0008846515556797385,0.00035608603502623737
38,0.000993844005279243,0.0003527897933963686
39,0.0008665834320709109,0.00044270296348258853
40,0.0008256249129772186,0.0003530003014020622
41,0.0007904178346507251,0.00035867918631993234
42,0.0007517437916249037,0.0003281111712567508
43,0.0008014137856662273,0.00037258266820572317
44,0.0007762874010950327,0.0003281126555521041
45,0.0007499176426790655,0.0003649435529951006
46,0.000817691208794713,0.00031338960980065167
47,0.0007979958318173885,0.00036983672180213034
48,0.0007372780237346888,0.00031043848139233887
49,0.0007070028223097324,0.0003047682694159448
50,0.000819240347482264,0.00039981413283385336
51,0.000688239058945328,0.00029669998912140727
52,0.0007028260733932257,0.0002959285047836602
53,0.0006780726253055036,0.000351929193129763
54,0.0007356210262514651,0.0002804909599944949
55,0.0007537015480920672,0.0002764600794762373
56,0.000658188306260854,0.00028507839306257665
57,0.0006370527553372085,0.0003038518188986927
58,0.000653388793580234,0.0003029323706869036
59,0.0006508700316771865,0.0002890252217184752
60,0.0006148979882709682,0.0002799015783239156
61,0.0006597622414119542,0.0002829187724273652
62,0.0006385081796906888,0.0002788464189507067
63,0.0006408746121451259,0.0003046581114176661
64,0.0005916743539273739,0.0002431777393212542
65,0.000612385687418282,0.00025308903423137963
66,0.0006779382820241153,0.0002800731163006276
67,0.0006218740018084645,0.00025304086739197373
68,0.0006425897590816021,0.00026296262512914836
69,0.0006080693565309048,0.00023990453337319195
70,0.0006133624701760709,0.0002452610933687538
71,0.0005894070491194725,0.0003029054787475616
72,0.0006270580925047398,0.00022125359100755304
73,0.0006209926796145737,0.00022698815155308694
74,0.0005953353247605264,0.0002229571109637618
75,0.0006067880894988775,0.00023264596529770643
76,0.0005590638611465693,0.00021468530758284032
77,0.0006154816364869475,0.00021191901760175824
78,0.0005775000317953527,0.00024066882906481624
79,0.0005397532950155437,0.00025107094552367926
80,0.0005987876211293042,0.00022846064530313015
81,0.0005323935765773058,0.00024388077144976705
82,0.0005574377137236297,0.00020506273722276092
83,0.0005935387453064322,0.00021445659513119608
0,0.0006105999927967787,0.00021694456518162042
1,0.0005547942710109055,0.00022645613353233784
2,0.0005416633212007582,0.00018537310825195163
3,0.0005599484429694712,0.0001864401128841564
4,0.0005740838241763413,0.00019551055447664112
5,0.0005731504061259329,0.00018998206360265613
6,0.0006354881916195154,0.0001865540980361402
7,0.0005716434679925442,0.0002101632853737101
8,0.0005467485170811415,0.00021451993961818516
9,0.0005684834322892129,0.0001925609540194273
10,0.0005630368832498789,0.0001904009550344199
11,0.0005132659571245313,0.00018850789638236165
12,0.0005560712888836861,0.0001857047900557518
13,0.0005503786960616708,0.00018676019681151956
14,0.0005531047936528921,0.0001804097555577755
15,0.000560436281375587,0.00020764119108207524
16,0.0005548864719457924,0.0002224795607617125
17,0.0005598958814516664,0.00017707982624415308
18,0.000526300398632884,0.00020358370966278017
19,0.0005359239876270294,0.00018473478849045932
20,0.0005290992558002472,0.00022978935157880187
21,0.0005396135384216905,0.00018373873899690807
22,0.000591692456509918,0.00019143364625051618
23,0.0005646704230457544,0.0002088030887534842
24,0.0005792028969153762,0.000221037698793225
25,0.0005818019853904843,0.0002526547177694738
26,0.0005078352405689657,0.00017737725283950567
27,0.0005656565772369504,0.00023044996487442404
28,0.0005628352519124746,0.00018030108185485005
29,0.0005810727016068995,0.00019307796901557595
30,0.0005779079510830343,0.00020041217794641852
31,0.0005664990749210119,0.00023560649424325675
32,0.0005348171107470989,0.00018165215442422777
33,0.0005398208159022033,0.00018289445142727345
34,0.0005531854112632573,0.00020558867254294455
35,0.000538849679287523,0.00020838607451878488
36,0.0005258815945126116,0.00018112084944732487
37,0.0005789534188807011,0.00017449012375436723
38,0.0005367241683416069,0.0001726608315948397
39,0.0005341508076526225,0.00018553320842329413
40,0.0005320011405274272,0.00017735622532200068
41,0.0005356542533263564,0.00016775979020167142
42,0.0005604366888292134,0.00017285683134105057
43,0.0005068336613476276,0.00017505940923001617
44,0.0005872569745406508,0.00018494953110348433
45,0.0005798556376248598,0.00017672532703727484
46,0.000583251123316586,0.00018102304602507502
47,0.00057577172992751,0.00017923211271408945
48,0.0005499394028447568,0.00020040541130583733
49,0.0005512256757356226,0.00019319857528898865
50,0.0005301102064549923,0.00017445909907110035
51,0.0004986051353625953,0.00017390800348948687
52,0.0005399035289883614,0.00017229432705789804
53,0.0005205260240472853,0.00020269135711714625
54,0.000548909476492554,0.00018226186512038112
55,0.0005440920358523726,0.0001734058023430407
56,0.0005174566758796573,0.0001652517676120624
57,0.0005507933092303574,0.0001654220250202343
58,0.0005198174039833248,0.00018697958148550242
59,0.0005407945718616247,0.00016942070215009153
60,0.0005760423955507576,0.0001677304826444015
61,0.0006055986741557717,0.0001874446024885401
62,0.0005303852376528084,0.00016276098904199898
63,0.0005243575433269143,0.00017160932475235313
64,0.0005388384452089667,0.00016415369464084506
65,0.0005660759634338319,0.00017071735055651516
66,0.0005294422153383493,0.00018875449313782156
67,0.0005248778034001589,0.0001721047592582181
68,0.0005854266346432269,0.00017062282131519169
69,0.0005565043538808823,0.00016924738883972168
70,0.0005334305460564792,0.00016914558364078403
71,0.0005210729432292283,0.00017546654271427542
72,0.0005620214506052434,0.0001761431631166488
73,0.0005449921591207385,0.00015839208208490163
74,0.0005847791326232255,0.0001843492063926533
75,0.0005531925708055496,0.0001992748148040846
76,0.0006375524098984897,0.0001730842050164938
77,0.0005259850295260549,0.00015929396613501012
78,0.0005278436583466828,0.0001757236459525302
79,0.0005383972893469036,0.00017130322521552444
80,0.000520338595379144,0.0001679333217907697
81,0.0005658264271914959,0.00017756767920218408
82,0.0005017715157009661,0.0001701763249002397
83,0.0005279524484649301,0.00018421407730784267
0,0.00044379927567206323,0.0002462345000822097
1,0.0004456064198166132,0.0003849780187010765
2,0.00045642416807822883,0.0001546349230920896
3,0.0004274743841961026,0.0001596168294781819
4,0.0005821440136060119,0.00017186270270030946
5,0.0004955059266649187,0.00020062999101355672
6,0.0005311553250066936,0.0001984044210985303
7,0.000477822293760255,0.000278308114502579
8,0.0004315955739002675,0.00017631810624152422
9,0.000394327420508489,0.00021839591499883682
10,0.0004315596306696534,0.00017206434858962893
11,0.00041400393820367754,0.00019248801982030272
12,0.00041037803748622537,0.0001563910482218489
13,0.00047436871682293713,0.0002450698520988226
14,0.0007887679967097938,0.00016573502216488123
15,0.00044645846355706453,0.00016276475798804313
16,0.0004342923348303884,0.00017090304754674435
17,0.0005128669436089694,0.00019413452537264675
18,0.00047807779628783464,0.00020261738973204046
19,0.0004685846797656268,0.0002195985580328852
20,0.0004136278002988547,0.00017175324319396168
21,0.0005073583452031016,0.00030330565641634166
22,0.0006793035427108407,0.0002531285281293094
23,0.000475023640319705,0.00017796321481000632
24,0.0005002247053198516,0.00018518858996685594
25,0.00040846518822945654,0.0002167937345802784
26,0.0003597363247536123,0.00019783302559517324
27,0.0005066897138021886,0.00016400273307226598
28,0.0005501344567164779,0.00020395581668708473
29,0.000585826754104346,0.00033781741512939334
30,0.0004367988440208137,0.000206463853828609
31,0.0005258045857772231,0.00019120422075502574
32,0.00038994461647234857,0.00023835965839680284
33,0.00043631784501485527,0.0002133724046871066
34,0.0003832923248410225,0.00027625911752693355
35,0.0005304603255353868,0.0002724589721765369
36,0.00041688329656608403,0.0002954153169412166
37,0.0004286683688405901,0.00017123996804002672
38,0.0004231860220897943,0.00020142344874329865
39,0.0004079418140463531,0.0001736792764859274
40,0.0004417118616402149,0.00016466535453218967
41,0.0005180177395232022,0.00015751791943330318
42,0.0005773925804533064,0.00018035854736808687
43,0.00039053126238286495,0.00018109867232851684
44,0.00048131763469427824,0.00018454268865752965
45,0.00043052234104834497,0.00015781570982653648
46,0.0004471927531994879,0.00018512232054490596
47,0.0004083191743120551,0.0001915026077767834
48,0.0003984598151873797,0.00018667681433726102
49,0.0004492262378334999,0.00029046041890978813
50,0.00047432398423552513,0.00016574648907408118
51,0.0004694005474448204,0.00016561298980377614
52,0.00043455950799398124,0.00029194605303928256
53,0.0004739388241432607,0.0003923754848074168
54,0.0005214200937189162,0.0002555485989432782
55,0.0004868136311415583,0.00016168953152373433
56,0.0005022127879783511,0.00022753568191546947
57,0.00040938908932730556,0.00018230009300168604
58,0.00041044800309464335,0.00017036018834915012
59,0.0004432557907421142,0.00016005650104489177
60,0.00047965600970201194,0.0001946574484463781
61,0.0004086970293428749,0.00017679673328530043
62,0.0004174579225946218,0.00016249135660473257
63,0.0005592196830548346,0.00034144491655752063
64,0.00046087641385383904,0.00018722635286394507
65,0.0004901489010080695,0.00019960608915425837
66,0.000583791930694133,0.00018497782002668828
67,0.0005168498028069735,0.0002265396324219182
68,0.0004512672603596002,0.00030971801606938243
69,0.00045185277122072875,0.0001757423160597682
70,0.0005647020298056304,0.0002359002101002261
71,0.00042714946903288364,0.0002095499512506649
72,0.00041430132114328444,0.00020591802604030818
73,0.0004377409932203591,0.00017623875464778394
74,0.00040328485192731023,0.00017266090435441583
75,0.0005037798546254635,0.00017443559772800654
76,0.00039193875272758305,0.0005072381463833153
77,0.0005046238075010478,0.00017092569032683969
78,0.0004346966161392629,0.00026416528271511197
79,0.0005838006618432701,0.00018562478362582624
80,0.00043001791345886886,0.00016218108066823334
81,0.000432089640526101,0.00018491562514100224
82,0.00038173640496097505,0.00018539754091762006
83,0.0004151240864302963,0.0003272735921200365
84,0.0005417069187387824,0.00021063894382677972
85,0.0004288076888769865,0.00019643073028419167
86,0.0005328057450242341,0.0001805245701689273
87,0.0004855672304984182,0.0001726867922116071
0,0.00041502126259729266,0.00018406695744488388
1,0.0004390761023387313,0.00019654989591799676
2,0.0004272795340511948,0.00018932344391942024
3,0.00034640677040442824,0.00015817515668459237
4,0.00040645443368703127,0.00022527888359036297
5,0.0003899760777130723,0.00018136054859496653
6,0.0004299062420614064,0.00025699957041069865
7,0.0003753909550141543,0.00020318535098340362
8,0.0004669133631978184,0.00018038263078778982
9,0.0003710176097229123,0.0001615029905224219
10,0.0005252758273854852,0.0002092229697154835
11,0.0004068634589202702,0.00016587384743615985
12,0.0004187230078969151,0.00015905221516732126
13,0.00041371220140717924,0.00017916533397510648
14,0.00045413279440253973,0.00016501739446539432
15,0.00045291578862816095,0.000257781328400597
16,0.0004660323611460626,0.00026634582900442183
17,0.0004901717184111476,0.00016835694259498268
18,0.0003742729895748198,0.00018245575483888388
19,0.00040214331238530576,0.00016392720863223076
20,0.0005135427927598357,0.00017063946870621294
21,0.0007569370791316032,0.0003027897619176656
22,0.0004622408887371421,0.0001889740233309567
23,0.00038269662763923407,0.0002651886607054621
24,0.0004216771631035954,0.00018153584096580744
25,0.00041309359949082136,0.000212050013942644
26,0.0004178339149802923,0.0001965936680790037
27,0.0005572073278017342,0.00018256674229633063
28,0.00048104964662343264,0.0002598305291030556
29,0.00040054216515272856,0.00019442271150182933
30,0.0004540120717138052,0.00019801492453552783
31,0.0004362917388789356,0.00022972881561145186
32,0.000440714560681954,0.00019692146452143788
33,0.00044128551962785423,0.00019016541773453355
34,0.0005168840871192515,0.00018713348254095763
35,0.00037308078026399016,0.00019260768021922559
36,0.0004073078162036836,0.000187791432836093
37,0.0004177890077698976,0.0002207856741733849
38,0.0004502552328631282,0.000174349348526448
39,0.0004525444528553635,0.00040393960080109537
40,0.0006117227021604776,0.00018261141667608172
41,0.0003971691767219454,0.00016342962044291198
42,0.0004053374577779323,0.00018027768237516284
43,0.00039875024231150746,0.00026175580569542944
44,0.0005159375141374767,0.00018521028687246144
45,0.0003929882659576833,0.00023455139307770878
46,0.00043736572843044996,0.00024200226471293718
47,0.00046850554645061493,0.00021610762632917613
48,0.0004333751858212054,0.0001797774457372725
49,0.00044108147267252207,0.00020755374862346798
50,0.00036859000101685524,0.00016506954852957278
51,0.0005320853088051081,0.00019123770471196622
52,0.00042667551315389574,0.00018924455798696727
53,0.00044695535325445235,0.0002793855674099177
54,0.0004536983906291425,0.00021431165805552155
55,0.0004902246873825788,0.00020948283781763166
56,0.00045709440018981695,0.00015575397992506623
57,0.0004337158752605319,0.00016879518807400018
58,0.00042757761548273265,0.00017678704170975834
59,0.0004138677613809705,0.00017691681568976492
60,0.000452616426628083,0.00023651347146369517
61,0.00044751769746653736,0.0001641628477955237
62,0.0005197538412176073,0.00019629643065854907
63,0.0005300556658767164,0.00019044744840357453
64,0.0004756860726047307,0.00021220969210844487
65,0.0003977691230829805,0.0001788312365533784
66,0.0004521224764175713,0.0001682007423369214
67,0.0004528710269369185,0.000198866575374268
68,0.0004447444516699761,0.0001738856954034418
69,0.0003683280956465751,0.0001622136333025992
70,0.000560275511816144,0.00015837958198972046
71,0.00042326352559030056,0.00016770735965110362
72,0.0003756149089895189,0.00016031718405429274
73,0.0004514481988735497,0.0002525978197809309
74,0.0005376801127567887,0.00022505770903080702
75,0.0003901887685060501,0.00021031727374065667
76,0.00041621728450991213,0.0001794674899429083
77,0.0003696644271258265,0.0002208000369137153
78,0.00038501672679558396,0.00016800157027319074
79,0.0004046920803375542,0.0002028172166319564
80,0.00037284669815562665,0.0001955685147549957
81,0.0004592834447976202,0.00016864710778463632
82,0.0004830100806429982,0.0001866693201009184
83,0.000366250635124743,0.00018271755834575742
84,0.0004111051093786955,0.00018933985847979784
85,0.0004551650199573487,0.00022207961592357606
86,0.0005120665300637484,0.0001937528286362067
87,0.0005390018341131508,0.00030836844234727323
0,0.002261214191094041,0.0018258088966831565
1,0.002208694815635681,0.0014078989624977112
2,0.0022061793133616447,0.0013136944035068154
3,0.0019377508433535695,0.001500067999586463
4,0.001925265067256987,0.0012259898940101266
5,0.0019421554170548916,0.0011376483598724008
6,0.0018499050056561828,0.0011229324154555798
7,0.0016118398634716868,0.0012574135325849056
8,0.0017076467629522085,0.000920644321013242
9,0.0016413322882726789,0.0008518636459484696
10,0.0015886357286944985,0.0008496232912875712
11,0.0016002800548449159,0.0008129077614285052
12,0.0015435382956638932,0.0008281064801849425
13,0.0015716864727437496,0.0007611000910401344
14,0.0015667248517274857,0.0007414488936774433
15,0.001403890666551888,0.0007189518073573709
16,0.0014237912837415934,0.0006725083803758025
17,0.0013197320513427258,0.0006626000395044684
18,0.0013816914288327098,0.0006227539270184934
19,0.0013575878692790866,0.0006057674763724208
20,0.0011977296089753509,0.0005901122349314392
21,0.0012195819290354848,0.0005755252786912024
22,0.0014209121000021696,0.0005691274418495595
23,0.0012693725293502212,0.0005432946491055191
24,0.0011648323852568865,0.0005568695487454534
25,0.001151900622062385,0.0004868525720667094
26,0.0010571179445832968,0.0004883885849267244
27,0.0010882412316277623,0.00047515437472611666
28,0.0010837709996849298,0.0004830262332689017
29,0.0010482200887054205,0.0005102870054543018
30,0.001072827260941267,0.0004482750955503434
31,0.0010410709073767066,0.0004637880192603916
32,0.0010103716049343348,0.00044604192953556776
33,0.0009518376900814474,0.0004429735417943448
34,0.0009199709165841341,0.0004193122440483421
35,0.0010670801857486367,0.00047560350503772497
36,0.0010609319433569908,0.00043339855619706213
37,0.0009340156684629619,0.00040271508623845875
38,0.0008983396110124886,0.00039701914647594094
39,0.000884871173184365,0.00037905314820818603
40,0.000870336196385324,0.00036639440804719925
41,0.0007913695881143212,0.0003597341710701585
42,0.0008061079424805939,0.00040393605013377964
43,0.0007897630566731095,0.00034807572956196964
44,0.0007780124433338642,0.0003865003236569464
45,0.0007882224163040519,0.00035100604873150587
46,0.0007691655191592872,0.000363320141332224
47,0.0007484528468921781,0.0003666068078018725
48,0.0007910701096989214,0.0003314022615086287
49,0.0007738370914012194,0.00033442286076024175
50,0.0008008505683392286,0.00032675822149030864
51,0.000721090822480619,0.0003050585219170898
52,0.0007249020854942501,0.00032968641608022153
53,0.000736385933123529,0.00031580391805619
54,0.0007136269705370069,0.0003124392533209175
55,0.0007115401094779372,0.0003101611800957471
56,0.0007033355650492013,0.00039508892223238945
57,0.0007206978043541312,0.00031172463786788285
58,0.0006641964428126812,0.0002957044926006347
59,0.0006698329234495759,0.0003107511147391051
60,0.0007343929028138518,0.00029405648820102215
61,0.0006952090770937502,0.00031852928805164993
62,0.0006395947420969605,0.0002850426244549453
63,0.0006079934537410736,0.00027582922484725714
64,0.0006686419947072864,0.00027708327979780734
65,0.0006451492663472891,0.00031164774554781616
66,0.0006422534352168441,0.00027657757163979113
67,0.0006124138017185032,0.00035633493098430336
68,0.0007073046290315688,0.00027026599855162203
69,0.0006368971662595868,0.00027510771178640425
70,0.0005769224371761084,0.0002553375961724669
71,0.0005968360346741974,0.00026164480368606746
72,0.0005844889674335718,0.0002499305992387235
73,0.0005685975193046033,0.0002465365978423506
74,0.0006166710518300533,0.0002517253451514989
75,0.0006327230366878211,0.0002654008858371526
76,0.0005963327130302787,0.00023457256611436605
77,0.0005681402399204671,0.00024721663794480264
78,0.0005575188552029431,0.00024145048519130796
79,0.0006051828386262059,0.00027466469327919185
80,0.0006260808440856636,0.000240116220084019
81,0.0005879929522052407,0.000223567767534405
82,0.0005592121160589159,0.00022931124840397388
83,0.0005798874190077186,0.00022302402066998184
0,0.0006504603661596775,0.00019047121168114245
1,0.0005811761948280036,0.00021470813953783363
2,0.0005699124303646386,0.00019891165720764548
3,0.0005929704639129341,0.00019320566207170486
4,0.000588364084251225,0.0001901060895761475
5,0.0006002740119583905,0.00018519540026318282
6,0.0005851130117662251,0.00020947848679497838
7,0.0005538256955333054,0.0001996126229641959
8,0.0005486680893227458,0.00020224742183927447
9,0.0005151589284650981,0.0002150054497178644
10,0.0005642757751047611,0.00019843224436044693
11,0.000555842649191618,0.0001917048211907968
12,0.0005181979504413903,0.00018788731540553272
13,0.0005818028002977371,0.00019269179028924555
14,0.0006267504068091512,0.0002491551567800343
15,0.0005527425673790276,0.00019347178749740124
16,0.0005322956130839884,0.00019819883164018393
17,0.00054878497030586,0.00017816027684602886
18,0.00058440474094823,0.00018666873802430928
19,0.000583079585339874,0.00020721068722195923
20,0.000540607376024127,0.00019458323367871344
21,0.0005424991250038147,0.00022993293532636017
22,0.0005564605817198753,0.00019377910939510912
23,0.0005400057998485863,0.0002191224048146978
24,0.0005222234176471829,0.00018296149210073054
25,0.0005296332528814673,0.00024483894230797887
26,0.0005345346871763468,0.00021895099780522287
27,0.0005377237685024738,0.0001890565181383863
28,0.0005476195947267115,0.00017613799718674272
29,0.0006183392833918333,0.0002049048780463636
30,0.0005491841002367437,0.0001818688615458086
31,0.0005342857330106199,0.00018034792446997017
32,0.0005789141287095845,0.00018599905888549984
33,0.000540324894245714,0.00020828803826589137
34,0.0005002659745514393,0.00018896380788646638
35,0.0005371023435145617,0.00017730679246596992
36,0.0005695239524357021,0.00019737202092073858
37,0.0005375835462473333,0.0001852457644417882
38,0.0006013092934153974,0.00018341086979489774
39,0.0005429828888736665,0.00020157622930128127
40,0.000540696841198951,0.0001798853336367756
41,0.0005040516261942685,0.0002146515907952562
42,0.0005263624479994178,0.00017138238763436675
43,0.0005693850689567626,0.00020721627515740693
44,0.0005709233228117228,0.00019283080473542213
45,0.0005068459431640804,0.00017817884508986026
46,0.0005401216330938041,0.0001769390655681491
47,0.0005714358412660658,0.00017784273950383067
48,0.0005567477783188224,0.00019157926726620644
49,0.0005250567337498069,0.000199952584807761
50,0.000503221875987947,0.00018571274995338172
51,0.0005816553602926433,0.00018727712449617684
52,0.0005656025605276227,0.00017627178749535233
53,0.0005551682552322745,0.0001765732013154775
54,0.000566394766792655,0.00018591369735077024
55,0.0005529809277504683,0.00017486451542936265
56,0.0005318453768268228,0.00018479302525520325
57,0.0005045946454629302,0.00019488486577756703
58,0.0005404737312346697,0.00020101139671169221
59,0.0005312639405019581,0.00017029870650731027
60,0.0005269715329632163,0.00018306603305973113
61,0.000554761674720794,0.0001913146406877786
62,0.0005468777962960303,0.00020463239343371242
63,0.0005648491787724197,0.00018444197485223413
64,0.000530240242369473,0.00018023115990217775
65,0.0005606697523035109,0.0001743990578688681
66,0.0005478730890899897,0.00017773047147784382
67,0.0005440531531348825,0.00018083277973346412
68,0.0005461771506816149,0.0001782362669473514
69,0.0005632693064399064,0.00017593105440028012
70,0.0005647949874401093,0.00023218855494633317
71,0.0005522540886886418,0.00018062196613755077
72,0.0005206185160204768,0.0001758122816681862
73,0.000501947826705873,0.0001668582990532741
74,0.0005627493956126273,0.00016848127415869385
75,0.0005287668900564313,0.00017236854182556272
76,0.0005582173471339047,0.0001965268747881055
77,0.0005598657298833132,0.00019365950720384717
78,0.0005675660213455558,0.00017353509610984474
79,0.0005290513508953154,0.00016297544061671942
80,0.0005273160059005022,0.00020570737251546234
81,0.0005496461526490748,0.00018135961727239192
82,0.00050068722339347,0.00017617808771319687
83,0.0005226843059062958,0.00017817366460803896
0,0.0005516295204870403,0.00017498827946837991
1,0.0008098679245449603,0.00016129197319969535
2,0.0005125679890625179,0.00017879193183034658
3,0.0005410341545939445,0.000174198517925106
4,0.0005788582493551075,0.0002301483618794009
5,0.0005273431306704879,0.000245564995566383
6,0.0004957456840202212,0.00020563381258398294
7,0.00047840329352766275,0.00019491910643409938
8,0.0005947769968770444,0.0001658213441260159
9,0.0007088951533660293,0.00015810737386345863
10,0.0006120542529970407,0.0001577785878907889
11,0.0005095645319670439,0.00015837552200537175
12,0.0004945551627315581,0.00018209064728580415
13,0.0005222826148383319,0.00017757341265678406
14,0.00044930059812031686,0.00015239440836012363
15,0.000495139800477773,0.00018405061564408243
16,0.0005641847383230925,0.00021998572628945112
17,0.0005762643995694816,0.00018225480744149536
18,0.0004267162876203656,0.00020302577468100935
19,0.000548084091860801,0.00016874160792212933
20,0.000505706702824682,0.00016294314991682768
21,0.0005046709557063878,0.00021629140246659517
22,0.0004862175846938044,0.0001621945993974805
23,0.0005888678715564311,0.00016409609816037118
24,0.00047532469034194946,0.0001661533460719511
25,0.0004494036256801337,0.00020748010138049722
26,0.0005045025027357042,0.0001835679286159575
27,0.00044467963743954897,0.00017097897944040596
28,0.0005275541334412992,0.00021245706011541188
29,0.0005030821776017547,0.0002539174456615001
30,0.00046594368177466094,0.00016420264728367329
31,0.0004824603092856705,0.00019028775568585843
32,0.0004022013454232365,0.00021498315618373454
33,0.000599266029894352,0.00019998107745777816
34,0.00043682174873538315,0.0002385253901593387
35,0.0004091917653568089,0.00019769273058045655
36,0.00042254681466147304,0.00019467725360300392
37,0.0005409774021245539,0.0001749020448187366
38,0.0005505798617377877,0.00018971091776620597
39,0.000466512399725616,0.00016805455379653722
40,0.0004831788828596473,0.00021589332027360797
41,0.0004076269979123026,0.00018578422896098346
42,0.0005341511568985879,0.00028945921803824604
43,0.00047044354141689837,0.00020733551355078816
44,0.0004353565745986998,0.00017804243543650955
45,0.00047916045878082514,0.00019145957776345313
46,0.0004641241393983364,0.0004256092070136219
47,0.0004887477261945605,0.0001890648709377274
48,0.0004826360964216292,0.0001783461048034951
49,0.000494578795041889,0.00017785032105166465
50,0.00045884124119766057,0.00023051850439514965
51,0.0006123955827206373,0.00020329067774582654
52,0.0004897223552688956,0.00020097206288482994
53,0.0004431136476341635,0.00016056603635661304
54,0.00043563864892348647,0.000256936764344573
55,0.0004551486053969711,0.00018237218318972737
56,0.0005183682078495622,0.00030115756089799106
57,0.0005216783611103892,0.0002546483592595905
58,0.0006023519672453403,0.0002210706879850477
59,0.0004409204993862659,0.00020526295702438802
60,0.0004010727861896157,0.00026137015083804727
61,0.00046406968613155186,0.0001823273196350783
62,0.000595628924202174,0.00035233350354246795
63,0.0010862428462132812,0.00023696228163316846
64,0.00044027448166161776,0.00036699039628729224
65,0.000497821718454361,0.00027008308097720146
66,0.0004737821873277426,0.00017771731654647738
67,0.0004125250270590186,0.00021941648446954787
68,0.0004398393211886287,0.000233892205869779
69,0.0004526356642600149,0.00025203957920894027
70,0.00044887210242450237,0.0001881561183836311
71,0.0005411813035607338,0.0001943018432939425
72,0.00041761010652408004,0.00019552682351786643
73,0.0004698229895438999,0.00020758190657943487
74,0.00042403084808029234,0.00019729927589651197
75,0.00043950462713837624,0.00021070822549518198
76,0.00044269859790802,0.00021045950416009873
0,0.0004689655324909836,0.00033656845334917307
1,0.0005613574176095426,0.0001951895101228729
2,0.0005053447093814611,0.00018033302330877632
3,0.0004278876294847578,0.00021476575057022274
4,0.0005293613648973405,0.0001896670291898772
5,0.00046687753638252616,0.00018243590602651238
6,0.0004457284521777183,0.00018011587962973863
7,0.0005167762865312397,0.0003083803167100996
8,0.0004178268136456609,0.00018240392091684043
9,0.0005242523620836437,0.00017298672173637897
10,0.00046416878467425704,0.0001958348584594205
11,0.0004742928722407669,0.00020509606110863388
12,0.0006040940061211586,0.0002217106375610456
13,0.0005449852906167507,0.0002451461914461106
14,0.0004913327284157276,0.00018744626140687615
15,0.00042351437150500715,0.00019690806220751256
16,0.00045677117304876447,0.00021806356380693614
17,0.0004870995180681348,0.00016339572903234512
18,0.0004168098676018417,0.00016147330461535603
19,0.0004655945813283324,0.00016560293443035334
20,0.00044772078399546444,0.0001725338661344722
21,0.0004134311166126281,0.00016827626677695662
22,0.00048487502499483526,0.00022918565082363784
23,0.0005283781792968512,0.00016905534721445292
24,0.0004913517623208463,0.00019984992104582489
25,0.00045134322135709226,0.0003213707823306322
26,0.0004697831755038351,0.0001616269291844219
27,0.0005296622402966022,0.00019928670371882617
28,0.0004708638007286936,0.00018075993284583092
29,0.0003900857991538942,0.000196006047190167
30,0.00048569595674052835,0.00019559121574275196
31,0.0004732786037493497,0.0002543368609622121
32,0.0005185393383726478,0.0002222237817477435
33,0.0005301980418153107,0.00023689880617894232
34,0.0004929495044052601,0.000216113097849302
35,0.00041768213850446045,0.00017908395966514945
36,0.00046566134551540017,0.00016895867884159088
37,0.0004148469597566873,0.00019264263391960412
38,0.000510239158757031,0.0002270555851282552
39,0.0004979399964213371,0.0001894674205686897
40,0.0005171431694179773,0.0002771883737295866
41,0.00045616470742970705,0.0002023304405156523
42,0.0004609874449670315,0.0002438074443489313
43,0.0003948841185774654,0.00017154650413431227
44,0.00046705419663339853,0.00024113805557135493
45,0.0005072589265182614,0.000179703114554286
46,0.0004438881005626172,0.00017495668726041913
47,0.0004079363134223968,0.0002006765571422875
48,0.0004032597644254565,0.000197326997295022
49,0.00043672570609487593,0.00020103126007597893
50,0.0004513929015956819,0.0002283243229612708
51,0.0005226790672168136,0.0002325663808733225
52,0.0005353075684979558,0.0002072389324894175
53,0.0004964746185578406,0.000222589194891043
54,0.0004651301132980734,0.0001809124369174242
55,0.0004591797769535333,0.0002786508994176984
56,0.0004631398187484592,0.00021923609892837703
57,0.00040043957415036857,0.00023677512945141643
58,0.0004954558680765331,0.00020149706688243896
59,0.00043642797390930355,0.00018962794274557382
60,0.0004461769131012261,0.00021071374067105353
61,0.0004742513701785356,0.00017698609735816717
62,0.0004912306321784854,0.00022444836213253438
63,0.0005812392919324338,0.00022048801474738866
64,0.0005031564505770802,0.00020072940969839692
65,0.0004522279486991465,0.00017724526696838439
66,0.00048569682985544205,0.00021765501878689975
67,0.000533635844476521,0.0002609891234897077
68,0.00046410897630266845,0.00018814901704899967
69,0.00042227483936585486,0.0002210752572864294
70,0.0004300907894503325,0.0002369800495216623
71,0.00040889380034059286,0.00023492974287364632
72,0.0004509536374825984,0.00022442602494265884
73,0.0005525724845938385,0.00023885387054178864
74,0.0004970496520400047,0.00020377295732032508
75,0.00047986526624299586,0.00018243920931126922
76,0.00044660174171440303,0.00017734414723236114
0,0.0012601780472323298,1.442007032892434e-05
1,0.0008134393719956279,7.034605368971825e-05
2,0.0006761351833119988,1.4755933079868555e-05
3,0.0005677198059856892,6.160137854749337e-05
4,0.0005884618149138987,0.00023349052935373038
5,0.0006789962644688785,8.474763308186084e-05
6,0.0006582700298167765,0.00027762973331846297
7,0.0007069646380841732,7.673029904253781e-05
8,0.0006232827436178923,9.883993698167615e-06
9,0.0006237222114577889,0.0006120313773863018
10,0.0008143536979332566,0.00011869635636685416
11,0.0007156382780522108,0.00038614560617133975
12,0.0009129278478212655,5.981055801385082e-05
13,0.0006510027451440692,0.0002459145907778293
14,0.0005920098628848791,7.680321141378954e-05
15,0.0006870286306366324,0.00017168722115457058
16,0.0008080439292825758,0.00034485221840441227
17,0.0006578845786862075,0.0004473542794585228
18,0.0006308554438874125,0.000187305107829161
19,0.0006967466906644404,6.425901119655464e-06
20,0.0005965816671960056,0.00012400340347085148
21,0.0005901730619370937,2.388577013334725e-05
22,0.0006414576782844961,0.00019544613314792514
23,0.000641457736492157,0.0003256858326494694
24,0.0008017856744118035,2.2589611035073176e-05
25,0.000751195999328047,0.0004647778405342251
26,0.0006686369888484478,0.0002315527672180906
27,0.0006670547882094979,3.250339432270266e-05
28,0.0006907797651365399,0.00013840860628988594
29,0.000623075058683753,0.0004358092846814543
30,0.0006295420462265611,0.00034597559715621173
31,0.0006873783422634006,0.00021114005357958376
32,0.0007623527781106532,0.0004348931252025068
33,0.0006551240221597254,0.0003556620213203132
34,0.0006332991761155427,0.0002394100883975625
35,0.000561884546186775,0.0001270375505555421
36,0.0006740048993378878,0.00041689578210934997
37,0.0007915620226413012,0.0006772243650630116
38,0.0007057274924591184,0.0002460386895108968
39,0.0007820470491424203,9.215285535901785e-05
40,0.0009161104098893702,0.000194985288544558
41,0.0006575761362910271,3.8795595173723996e-05
42,0.0006109800888225436,0.0006412578513845801
43,0.0006969960522837937,0.000482457282487303
44,0.0007109773578122258,4.5818855141988024e-05
45,0.0006585321971215308,0.00023848241835366935
46,0.0005744192749261856,0.000268841307843104
47,0.0006219829665496945,0.00036504663876257837
48,0.0005669661331921816,0.0003991869161836803
49,0.0008536878158338368,2.3718228476354852e-05
50,0.0006704111001454294,0.00021827079763170332
51,0.0006776623195037246,0.000127701205201447
52,0.000632197770755738,0.0005171226221136749
53,0.0005961230490356684,5.4074225772637874e-05
54,0.0006620728527195752,2.4435083105345257e-05
55,0.0007213870994746685,0.0003913631080649793
56,0.0006366346497088671,0.00035991144250147045
57,0.0006195546593517065,0.00026822497602552176
58,0.0006936482386663556,7.553631439805031e-05
59,0.0007835664437152445,0.0006127857486717403
60,0.0007886051316745579,1.9010569303645752e-05
61,0.0006576036685146391,0.000498809851706028
62,0.0006777840317226946,0.0004377727454993874
63,0.0005920476978644729,0.0005503653082996607
64,0.0007960849325172603,0.000141001190058887
65,0.0006960098980925977,0.0002939006080850959
66,0.0007256685639731586,0.0005705644143745303
67,0.0005924879224039614,0.00025110007845796645
68,0.0006516006542369723,0.0005464280839078128
69,0.0006766706937924027,0.0007002803613431752
70,0.0006491814274340868,0.0001411473931511864
71,0.0007651113555766642,0.00028180694789625704
72,0.0006603061920031905,0.00029298773733899
73,0.0010057701729238033,0.0005146061303094029
0,0.0007166739669628441,0.00101375428494066
1,0.0007177212974056602,0.000541313027497381
2,0.000663149869069457,0.0009701474918983877
3,0.0006068472284823656,0.00014560151612386107
4,0.0006347954622469842,0.0005288305110298097
5,0.000573420082218945,0.0002820321242325008
6,0.0008029360324144363,0.0004085391410626471
7,0.0006292070611380041,0.0005357785848900676
8,0.0006475443951785564,0.0003447592898737639
9,0.0007324396865442395,0.00018330318562220782
10,0.000798947992734611,9.271864109905437e-05
11,0.000772138824686408,0.0001695861283224076
12,0.0008529637125320733,0.0003440206637606025
13,0.0005933635402470827,0.00044878051267005503
14,0.0005762802320532501,0.0002131433429894969
15,0.0006556545849889517,0.0001638868125155568
16,0.000610305811278522,5.845182022312656e-05
17,0.0006057416321709752,0.00013578488142229617
18,0.0005748888943344355,0.0001707903720671311
19,0.0006848709308542311,0.0007865565130487084
20,0.000965546234510839,0.0004625312576536089
21,0.0008333596051670611,0.00022597839415539056
22,0.0007583313272334635,0.0010544988326728344
23,0.0006509258528240025,0.0011812769807875156
24,0.0006314514321275055,0.00023302261251956224
25,0.0007070606225170195,0.0005674661369994283
26,0.0007064531673677266,0.0002139858843293041
27,0.0006694752955809236,0.00054616091074422
28,0.0006927641807124019,0.0005295839509926736
29,0.000610493472777307,0.0008002048707567155
30,0.0005790359573438764,0.00013050045527052134
31,0.0008103509317152202,0.0006774215144105256
32,0.0006508891237899661,0.00031447559013031423
33,0.0006129504763521254,0.0008420422091148794
34,0.0005861172685399652,0.00015320497914217412
35,0.0006204972742125392,0.00026750005781650543
36,0.0006527416408061981,0.00041399034671485424
37,0.0006106892833486199,2.7436124582891352e-05
38,0.0006163306534290314,0.0001393698330502957
39,0.0006423794548027217,0.00043031296809203923
40,0.0006970718968659639,0.0003009586944244802
41,0.0007365037454292178,0.0008246622746810317
42,0.000704488018527627,0.00033488887129351497
43,0.0006225196993909776,0.0005463332054205239
44,0.0006029405049048364,0.00016601603419985622
45,0.0006690249429084361,0.0004807812802027911
46,0.0007849191315472126,0.0008566172327846289
47,0.0005934979417361319,0.00015453394735231996
48,0.0005877873045392334,0.0006825500749982893
49,0.0006059107254259288,0.0001729166106088087
50,0.0006669978611171246,0.0013858511811122298
51,0.000770127575378865,0.0006812110659666359
52,0.0007185493013821542,0.0003733340709004551
53,0.0006140859331935644,0.0007632205379195511
54,0.0005781535874120891,0.0007523027597926557
55,0.000622522784397006,0.0009148152894340456
56,0.0006834171945229173,0.0005391176673583686
57,0.0008082493441179395,0.0004517934285104275
58,0.0006217651534825563,0.0008033641497604549
59,0.0005831289454363286,0.0007462234352715313
60,0.0007645901059731841,0.0009672045707702637
61,0.0007406501681543887,0.0005988243501633406
62,0.0006785623263567686,0.0003102462214883417
63,0.0006949105300009251,0.0013399097369983792
64,0.0006966791697777808,0.00016553136811126024
65,0.000612471136264503,0.0006829766207374632
66,0.0006268259603530169,0.000832865247502923
67,0.0005718946922570467,0.0005715664592571557
68,0.0006679074722342193,0.0004142252146266401
69,0.0006187466788105667,0.0008853374165482819
70,0.0006466865306720138,0.00010841088078450412
71,0.0006471839151345193,0.0005768530536442995
72,0.0006813107174821198,0.000225032155867666
73,0.0006938331061974168,0.00018859482952393591
0,0.00045904648141004145,0.00017255073180422187
1,0.0004468275874387473,0.00019601243548095226
2,0.0005573529051616788,0.00018506946798879653
3,0.00047999361413531005,0.00016972995945252478
4,0.00042885506991297007,0.00015846216410864145
5,0.0005222355248406529,0.00019585428526625037
6,0.0005185084301047027,0.00017078239761758596
7,0.00046857938286848366,0.00017920583195518702
8,0.0004995836061425507,0.00016748330381233245
9,0.00045185990165919065,0.00016016846348065883
10,0.0006278904038481414,0.00025511946296319366
11,0.0005812870222143829,0.0002082254650304094
12,0.0005459744133986533,0.00032724768971093
13,0.00046801348798908293,0.00015634937153663486
14,0.0005269017419777811,0.0001701363653410226
15,0.0005601353477686644,0.00017625621694605798
16,0.00048563085147179663,0.00026119101676158607
17,0.000633774499874562,0.0002892703632824123
18,0.0006136473966762424,0.00018119651940651238
19,0.00043715935316868126,0.00017358508193865418
20,0.0005032591870985925,0.00019059114856645465
21,0.0005265402724035084,0.000306144094793126
22,0.0007302553858608007,0.00024223208311013877
23,0.0005149815115146339,0.00029087450820952654
24,0.0009824843145906925,0.00022844687919132411
25,0.0005192694952711463,0.00021124117483850569
26,0.0004938708152621984,0.00017355888849124312
27,0.0004250257625244558,0.00018031173385679722
28,0.0005093719228170812,0.00025282197748310864
29,0.0005957905668765306,0.0001649949117563665
30,0.0005458934465423226,0.00020965523435734212
31,0.0004734027315862477,0.00023792606953065842
32,0.0004926364053972065,0.00017975531227421016
33,0.000478759640827775,0.00017281476175412536
34,0.0005519792903214693,0.0004043324734084308
35,0.0005136447725817561,0.000246789917582646
36,0.0005137179396115243,0.0001556829083710909
37,0.0004724568862002343,0.0002091480855597183
38,0.0004265539755579084,0.00019481134950183332
39,0.000553869700524956,0.00019490908016450703
40,0.00043846963671967387,0.0002039742103079334
41,0.0004826923832297325,0.00021882746659684926
42,0.0005139146815054119,0.00018322619143873453
43,0.0005001729005016387,0.00021080204169265926
44,0.0006193795125000179,0.00019956074538640678
45,0.0004833651764784008,0.00020328020036686212
46,0.00047328718937933445,0.00018205564992967993
47,0.0003929979866370559,0.0002811696322169155
48,0.0006063840701244771,0.00016246610903181136
49,0.0004361793980933726,0.00016597696230746806
50,0.0004997571813873947,0.00016957533080130816
51,0.0005049597821198404,0.0002811304002534598
52,0.000746161793358624,0.00022868209634907544
53,0.00047899209312163293,0.00019495321612339467
54,0.0004546773270703852,0.00021600976469926536
55,0.0004262760921847075,0.00021481013391166925
56,0.00043258757796138525,0.00016903386858757585
57,0.00046342567657120526,0.0001865554368123412
58,0.00046369325718842447,0.00017298826423939317
59,0.000493737286888063,0.00027380860410630703
60,0.0004908707342110574,0.0003404731396585703
61,0.0005127826007083058,0.000201328206458129
62,0.0005748895346187055,0.0001767194626154378
63,0.00042461222619749606,0.00022363115567713976
64,0.00046554251457564533,0.0001753015530994162
65,0.0004595643258653581,0.00020829201093874872
66,0.00042216407018713653,0.00016904264339245856
67,0.0005095381638966501,0.00020488207519520074
68,0.000540343055035919,0.0002489942708052695
69,0.0004593292251229286,0.00016121413500513881
70,0.00045544785098172724,0.00017313763964921236
71,0.0005148274358361959,0.00017367652617394924
72,0.0004749674117192626,0.0002394387120148167
73,0.0004811068356502801,0.0002628129441291094
74,0.0005490038893185556,0.0001654210063861683
75,0.000529831915628165,0.00021079090947750956
76,0.000462395983049646,0.0001681161520536989
77,0.0005134754464961588,0.00022915814770385623
78,0.0005716263549402356,0.0002234854327980429
79,0.0004197641974315047,0.00016481219790875912
80,0.0006355660734698176,0.00018042142619378865
81,0.0005189978401176631,0.00021733134053647518
82,0.000434131536167115,0.00015860832354519516
83,0.0005056741647422314,0.0002020938991336152
84,0.00048775249160826206,0.00020510675676632673
85,0.0004938380443491042,0.00018428722978569567
86,0.0004384352941997349,0.00026372779393568635
87,0.0005491304327733815,0.0001906638644868508
88,0.0004586978175211698,0.00016148205031640828
89,0.00044355448335409164,0.00022496815654449165
90,0.0008911497425287962,0.0002065172157017514
91,0.00044050972792319953,0.00020891423628199846
92,0.0004680451820604503,0.00022611109307035804
93,0.0005149755743332207,0.00018401764100417495
94,0.0004481165378820151,0.00015723596152383834
95,0.00041912667802535,0.000230493547860533
96,0.0004654871881939471,0.0001596877264091745
97,0.00044665890163742006,0.00016579937073402107
0,0.0005151103832758963,0.0001517223718110472
1,0.00046605378156527877,0.0001774531847331673
2,0.0003939837624784559,0.00015282348613254726
3,0.00044917501509189606,0.00017817331536207348
4,0.0007371535175479949,0.00017620921425987035
5,0.0004667578323278576,0.00022819051810074598
6,0.0004481971845962107,0.00019106602121610194
7,0.0006601043860428035,0.00016193206829484552
8,0.0005296041490510106,0.00015485924086533487
9,0.0004943069652654231,0.0003806622407864779
10,0.0007306746556423604,0.0003078726294916123
11,0.0005066482699476182,0.00019642384722828865
12,0.00041135711944662035,0.00016000133473426104
13,0.00045577247510664165,0.00017052542534656823
14,0.00045128000783734024,0.00017293629935011268
15,0.0004530920123215765,0.0002081925777019933
16,0.00047336597344838083,0.00020147347822785378
17,0.00045651139225810766,0.00019845308270305395
18,0.00047859406913630664,0.00016159002552740276
19,0.00042761696386151016,0.00017035091877914965
20,0.00044243616866879165,0.00018407154129818082
21,0.0005388626595959067,0.00020623138698283583
22,0.00046771444613114,0.00017817543994169682
23,0.0004304650938138366,0.00017006129201035947
24,0.0005811792216263711,0.00018213439034298062
25,0.00043836378608830273,0.0002523227594792843
26,0.00047165490104816854,0.00018542446196079254
27,0.00048417202197015285,0.0001617797970538959
28,0.00044850006815977395,0.00016203316044993699
29,0.00042780747753567994,0.00016081046487670392
30,0.000455879548098892,0.00016206983127631247
31,0.0005723945796489716,0.00023229651560541242
32,0.00047366670332849026,0.0002677283773664385
33,0.00043758301762863994,0.00016896431043278426
34,0.00048513017827644944,0.00018083929899148643
35,0.0004467483959160745,0.00016077920736279339
36,0.0005135516403242946,0.0001570919994264841
37,0.0004860179906245321,0.00016680534463375807
38,0.00040303863352164626,0.00016307624173350632
39,0.000520524219609797,0.00017060064419638366
40,0.00043281420948915184,0.00021796207875013351
41,0.0005592487868852913,0.00016790004156064242
42,0.00043206632835790515,0.00016666298324707896
43,0.0005489811883307993,0.00018421995628159493
44,0.0003965386131312698,0.00016462676285300404
45,0.00047928738058544695,0.00016981108637992293
46,0.0005126496544107795,0.00016943180526141077
47,0.00045613234397023916,0.00023847550619393587
48,0.00044569873716682196,0.00018737280333880335
49,0.0004351386451162398,0.00016459872131235898
50,0.0005284916260279715,0.00019935749878641218
51,0.0005206927307881415,0.00016362544556614012
52,0.000562086352147162,0.0001731863449094817
53,0.0004409771354403347,0.00017041724640876055
54,0.00043660509982146323,0.00016984397370833904
55,0.00042891292832791805,0.00018828727479558438
56,0.0004525236727204174,0.00028926340746693313
57,0.0005043701967224479,0.0001906700781546533
58,0.0004423398931976408,0.0001721158914733678
59,0.00045461562694981694,0.00017343545914627612
60,0.0004171498876530677,0.00018404766160529107
61,0.0005283038481138647,0.00020503073756117374
62,0.0004694123927038163,0.0002457490481901914
63,0.0004712505906354636,0.00021300122898537666
64,0.00043978021130897105,0.0001633680221857503
65,0.00040511376573704183,0.0001640728733036667
66,0.0005353005253709853,0.00021961083984933794
67,0.0004277244443073869,0.0002254887658637017
68,0.0005452451878227293,0.00015941919991746545
69,0.0005197323043830693,0.00019563199020922184
70,0.00047158362576738,0.00019217294175177813
71,0.0005450196331366897,0.00015986559446901083
72,0.0005474106292240322,0.00016746981418691576
73,0.0004339503066148609,0.000225692376261577
74,0.00044335555867291987,0.00017432686581742018
75,0.00043631784501485527,0.00019576758495531976
76,0.0005159975844435394,0.00039021551492623985
77,0.00046438557910732925,0.0001936279732035473
78,0.00046095403376966715,0.00017787524848245084
79,0.00045544118620455265,0.00018106306379195303
80,0.00043817097321152687,0.00022403436014428735
81,0.0005068520549684763,0.00017881463281810284
82,0.0004693589289672673,0.0001670157362241298
83,0.00046195261529646814,0.00020464102271944284
84,0.000453444808954373,0.00016537077317479998
85,0.0005146104958839715,0.00015985667414497584
86,0.0004910584539175034,0.00017509725876152515
87,0.0005091259954497218,0.00018493877723813057
88,0.000455513596534729,0.00026172850630246103
89,0.0005374491447582841,0.0001703113375697285
90,0.0004405387444421649,0.00022260974219534546
91,0.00043738234671764076,0.00019102086662314832
92,0.00044900388456881046,0.0002075094816973433
93,0.0004326704947743565,0.00023159924603533
94,0.0004608440212905407,0.00021592355915345252
95,0.0005580999422818422,0.00015979459567461163
96,0.00043000050936825573,0.00019592337775975466
97,0.0004426614032126963,0.00022170810552779585
